filename,title,date_rome,source_html,post_id
2026-01-05-ho-comprato-un-macbook-air-m1-con.md,Ho comprato un MacBook Air M1 con schermo rotto,2026-01-05T14:07:00.126000+01:00,posts/183545109.ho-comprato-un-macbook-air-m1-con.html,183545109.ho-comprato-un-macbook-air-m1-con
2025-12-28-recensione-apple-iphone-17-pro.md,La mia recensione di Apple iPhone 17 Pro: che bella sorpresa,2025-12-28T10:21:20.455000+01:00,posts/182626968.recensione-apple-iphone-17-pro.html,182626968.recensione-apple-iphone-17-pro
2025-12-27-ipados-262-grazie.md,iPadOS 26.2: grazie,2025-12-27T12:25:54.068000+01:00,posts/182691392.ipados-262-grazie.html,182691392.ipados-262-grazie
2025-12-26-ciao-capelli.md,Ciao capelli,2025-12-26T14:06:18.220000+01:00,posts/182626223.ciao-capelli.html,182626223.ciao-capelli
2025-12-10-ho-abbandonato-quasi-tutti-i-podcast.md,Ho abbandonato quasi tutti i podcast di Chora,2025-12-10T08:08:05.734000+01:00,posts/181214911.ho-abbandonato-quasi-tutti-i-podcast.html,181214911.ho-abbandonato-quasi-tutti-i-podcast
2025-11-01-non-ho-venduto-liphone-15-pro-max.md,Non ho venduto l’iPhone 15 Pro Max,2025-11-01T09:33:11.218000+01:00,posts/177715679.non-ho-venduto-liphone-15-pro-max.html,177715679.non-ho-venduto-liphone-15-pro-max
2025-10-27-acquisto-amazfit-helio-strap.md,Ho comprato una band per tracciare i miei dati,2025-10-27T08:28:55.569000+01:00,posts/177245872.acquisto-amazfit-helio-strap.html,177245872.acquisto-amazfit-helio-strap
2025-10-20-ho-stipulato-unassicurazione-sulla.md,Ho stipulato un’assicurazione sulla vita,2025-10-20T20:58:10.774000+02:00,posts/176673390.ho-stipulato-unassicurazione-sulla.html,176673390.ho-stipulato-unassicurazione-sulla
2025-08-24-come-ho-smesso-di-usare-la-mia-american.md,Come ho smesso di usare la mia American Express,2025-08-24T10:00:56.564000+02:00,posts/171782337.come-ho-smesso-di-usare-la-mia-american.html,171782337.come-ho-smesso-di-usare-la-mia-american
2025-08-11-day-one-journal-app-quasi-due-anni.md,Day One journal app: quasi due anni dopo,2025-08-11T17:05:29.526000+02:00,posts/170696104.day-one-journal-app-quasi-due-anni.html,170696104.day-one-journal-app-quasi-due-anni
2025-05-28-whatsapp-per-ipad-finalmente.md,Whatsapp per iPad: finalmente!,2025-05-28T06:39:51.539000+02:00,posts/164619375.whatsapp-per-ipad-finalmente.html,164619375.whatsapp-per-ipad-finalmente
2025-05-07-abbandono-spotify-passo-ad-overcast.md,"Abbandono Spotify, passo ad Overcast e YouTube Music",2025-05-07T08:02:36.628000+02:00,posts/163032220.abbandono-spotify-passo-ad-overcast.html,163032220.abbandono-spotify-passo-ad-overcast
2025-04-21-apple-ha-rotto-il-mio-ipad-air-m1.md,Apple ha rotto il mio iPad Air M1,2025-04-21T13:33:31.798000+02:00,posts/161793233.apple-ha-rotto-il-mio-ipad-air-m1.html,161793233.apple-ha-rotto-il-mio-ipad-air-m1
2025-04-19-077-077.md,077,2025-04-19T10:27:27.232000+02:00,posts/161661597.077.html,161661597.077
2025-04-14-american-express-italia-ecco-gli.md,American Express Italia: ecco gli aumenti dal 14 maggio,2025-04-14T12:31:33.351000+02:00,posts/161220933.american-express-italia-ecco-gli.html,161220933.american-express-italia-ecco-gli
2025-04-13-la-mia-collezione-non-seiko-ad-aprile.md,La mia collezione NON SEIKO ad Aprile 2025,2025-04-13T20:01:23.277000+02:00,posts/161220982.la-mia-collezione-non-seiko-ad-aprile.html,161220982.la-mia-collezione-non-seiko-ad-aprile
2025-04-13-076-076.md,076,2025-04-13T10:20:23.555000+02:00,posts/161220652.076.html,161220652.076
2025-04-10-la-fine-di-unera.md,La fine di un'era,2025-04-10T08:01:22.354000+02:00,posts/160995030.la-fine-di-unera.html,160995030.la-fine-di-unera
2025-04-06-dazi-trump-usa-2025-tariffe.md,Dazi USA 2025: le nuove tariffe di Trump e le reazioni Internazionali,2025-04-06T08:39:39.587000+02:00,posts/160629884.dazi-trump-usa-2025-tariffe.html,160629884.dazi-trump-usa-2025-tariffe
2025-04-05-075-075.md,075,2025-04-05T08:30:48.248000+02:00,posts/160629765.075.html,160629765.075
2025-04-04-la-mia-collezione-seiko-a-marzo-2025.md,La mia collezione SEIKO a Marzo 2025,2025-04-04T10:00:43.819000+02:00,posts/160401010.la-mia-collezione-seiko-a-marzo-2025.html,160401010.la-mia-collezione-seiko-a-marzo-2025
2025-04-02-apple-intelligence-ad-oggi-e-un-flop.md,Apple Intelligence ad oggi è un flop?,2025-04-02T09:25:19.680000+02:00,posts/160400948.apple-intelligence-ad-oggi-e-un-flop.html,160400948.apple-intelligence-ad-oggi-e-un-flop
2025-03-31-074-074.md,074,2025-03-31T07:53:56.494000+02:00,posts/160237103.074.html,160237103.074
2025-03-22-073-073.md,073,2025-03-22T08:01:32.498000+01:00,posts/159462166.073.html,159462166.073
2025-03-21-cosa-fare-con-i-mercati-in-rosso.md,Cosa fare con i mercati in rosso,2025-03-21T09:19:39.021000+01:00,posts/159536240.cosa-fare-con-i-mercati-in-rosso.html,159536240.cosa-fare-con-i-mercati-in-rosso
2025-02-06-recensione-hera-veliero-nero.md,Recensione: Hera Veliero nero,2025-02-06T08:36:00.847000+01:00,posts/156585865.recensione-hera-veliero-nero.html,156585865.recensione-hera-veliero-nero
2025-02-02-072-072.md,072,2025-02-02T22:10:17.285000+01:00,posts/156326713.072.html,156326713.072
2025-01-26-071-071.md,071,2025-01-26T23:37:53.116000+01:00,posts/155795340.071.html,155795340.071
2025-01-21-bbva-remunerazione-2025.md,BBVA: come cambia la remunerazione del conto corrente,2025-01-21T08:55:46.089000+01:00,posts/155318036.bbva-remunerazione-2025.html,155318036.bbva-remunerazione-2025
2025-01-19-070-070.md,070,2025-01-19T08:15:47.487000+01:00,posts/155094911.070.html,155094911.070
2025-01-11-069-069.md,069,2025-01-11T07:57:52.584000+01:00,posts/154584405.069.html,154584405.069
2025-01-06-068-068.md,068,2025-01-06T15:37:51.785000+01:00,posts/154269025.068.html,154269025.068
2025-01-02-sotc-early-2025.md,SOTC early 2025,2025-01-02T14:50:04.896000+01:00,posts/153977539.sotc-early-2025.html,153977539.sotc-early-2025
2024-12-29-067-067.md,067,2024-12-29T15:06:41.307000+01:00,posts/153757130.067.html,153757130.067
2024-12-15-066-066.md,066,2024-12-15T08:30:54.864000+01:00,posts/153149299.066.html,153149299.066
2024-12-08-065-065.md,065,2024-12-08T08:15:37.792000+01:00,posts/152755071.065.html,152755071.065
2024-12-06-effetto-gennaio-di-cosa-si-tratta.md,“Effetto gennaio”: di cosa si tratta?,2024-12-06T10:31:09.658000+01:00,posts/152649417.effetto-gennaio-di-cosa-si-tratta.html,152649417.effetto-gennaio-di-cosa-si-tratta
2024-12-02-apple-watch-ultra-2-ne-vale-la-pena.md,Apple Watch Ultra 2: ne vale la pena?,2024-12-02T10:31:04.616000+01:00,posts/151595308.apple-watch-ultra-2-ne-vale-la-pena.html,151595308.apple-watch-ultra-2-ne-vale-la-pena
2024-12-01-guida-regali-natale-2024.md,Guida ai regali di Natale 2024,2024-12-01T08:31:28.290000+01:00,posts/152126094.guida-regali-natale-2024.html,152126094.guida-regali-natale-2024
2024-11-30-064-064.md,064,2024-11-30T09:57:01.883000+01:00,posts/152352790.064.html,152352790.064
2024-11-27-casaos-ho-sostituito-il-mio-nas-synology.md,CasaOS: ho sostituito il mio NAS Synology e non torno indietro,2024-11-27T10:30:46.013000+01:00,posts/152060510.casaos-ho-sostituito-il-mio-nas-synology.html,152060510.casaos-ho-sostituito-il-mio-nas-synology
2024-11-25-iduopad-il-mio-ipad-perfetto.md,iDuoPad: ho costruito il mio iPad perfetto,2024-11-25T10:30:47.786000+01:00,posts/151978621.iduopad-il-mio-ipad-perfetto.html,151978621.iduopad-il-mio-ipad-perfetto
2024-11-23-bbva-carta-di-credito.md,Arriva la carta di credito di BBVA,2024-11-23T11:30:54.662000+01:00,posts/152053552.bbva-carta-di-credito.html,152053552.bbva-carta-di-credito
2024-11-23-063-063.md,063,2024-11-23T08:59:38.219000+01:00,posts/152053166.063.html,152053166.063
2024-11-21-mastodon-vs-bluesky.md,Migriamo su Mastodon o su Bluesky?,2024-11-21T09:19:38.133000+01:00,posts/151962960.mastodon-vs-bluesky.html,151962960.mastodon-vs-bluesky
2024-11-20-esim-come-funziona-con-spusu-mobile.md,eSIM: come funziona con spusu mobile?,2024-11-20T09:30:53.550000+01:00,posts/151500460.esim-come-funziona-con-spusu-mobile.html,151500460.esim-come-funziona-con-spusu-mobile
2024-11-19-perche-uso-due-ipad-pro-m4-e-mini.md,Perché uso due iPad: Pro M4 e Mini 7,2024-11-19T15:18:34.554000+01:00,posts/151874351.perche-uso-due-ipad-pro-m4-e-mini.html,151874351.perche-uso-due-ipad-pro-m4-e-mini
2024-11-18-perche-ho-venduto-la-serratura-smart.md,Perché ho venduto la serratura smart,2024-11-18T10:30:46.675000+01:00,posts/151594484.perche-ho-venduto-la-serratura-smart.html,151594484.perche-ho-venduto-la-serratura-smart
2024-11-18-062-062.md,062,2024-11-18T06:26:30.758000+01:00,posts/151806777.062.html,151806777.062
2024-11-14-come-cancellare-account-x.md,Come cancellare l’account X,2024-11-14T08:48:17.513000+01:00,posts/151637795.come-cancellare-account-x.html,151637795.come-cancellare-account-x
2024-11-13-spusu-mobile-review.md,spusu mobile: come va dopo 3 mesi?,2024-11-13T09:31:05.042000+01:00,posts/151373334.spusu-mobile-review.html,151373334.spusu-mobile-review
2024-11-11-ho-sostituito-pocket-con-goodlinks.md,Ho sostituito Pocket con GoodLinks,2024-11-11T10:30:54.026000+01:00,posts/151317567.ho-sostituito-pocket-con-goodlinks.html,151317567.ho-sostituito-pocket-con-goodlinks
2024-11-09-061-061.md,061,2024-11-09T11:59:05.304000+01:00,posts/151413016.061.html,151413016.061
2024-11-08-ho-cambiato-fornitore-di-luce-e-gas.md,Ho cambiato fornitore di luce e gas grazie a Reddit,2024-11-08T09:01:51.951000+01:00,posts/151202073.ho-cambiato-fornitore-di-luce-e-gas.html,151202073.ho-cambiato-fornitore-di-luce-e-gas
2024-11-06-minimal-tech-travel-setup.md,Minimal Tech Travel Setup,2024-11-06T10:30:48.759000+01:00,posts/151148742.minimal-tech-travel-setup.html,151148742.minimal-tech-travel-setup
2024-11-04-stage-manager-lo-uso-solo-su-un-monitor.md,Stage Manager lo uso solo su un monitor esterno,2024-11-04T09:30:38.413000+01:00,posts/151073499.stage-manager-lo-uso-solo-su-un-monitor.html,151073499.stage-manager-lo-uso-solo-su-un-monitor
2024-11-02-060-060.md,060,2024-11-02T09:50:59.992000+01:00,posts/151061660.060.html,151061660.060
2024-10-30-come-ho-pagato-un-ipad-air-m1-300.md,Come ho pagato un iPad Air M1 300 euro,2024-10-30T08:30:53.225000+01:00,posts/150507580.come-ho-pagato-un-ipad-air-m1-300.html,150507580.come-ho-pagato-un-ipad-air-m1-300
2024-10-28-raspberry-pi-5-nas-domestico-con.md,Raspberry PI 5: NAS domestico con CasaOS,2024-10-28T08:31:01.563000+01:00,posts/150395034.raspberry-pi-5-nas-domestico-con.html,150395034.raspberry-pi-5-nas-domestico-con
2024-10-25-come-chiudere-un-conto-corrente-attraverso.md,Come chiudere un conto corrente attraverso isybank,2024-10-25T08:34:43.526000+02:00,posts/150389303.come-chiudere-un-conto-corrente-attraverso.html,150389303.come-chiudere-un-conto-corrente-attraverso
2024-10-23-stories-ipad-mini-7-review-by-viticci.md,Stories: iPad mini 7 Review by Viticci,2024-10-23T10:07:07.464000+02:00,posts/150600519.stories-ipad-mini-7-review-by-viticci.html,150600519.stories-ipad-mini-7-review-by-viticci
2024-10-22-sono-uscite-le-prime-recensioni-di.md,Sono uscite le prime recensioni di iPad Mini 7,2024-10-22T18:38:32.317000+02:00,posts/150572168.sono-uscite-le-prime-recensioni-di.html,150572168.sono-uscite-le-prime-recensioni-di
2024-10-21-raspberry-pi-zero-2-w-con-homebridge.md,"Raspberry PI Zero 2 W con Homebridge, perché?",2024-10-21T08:31:10.108000+02:00,posts/150392876.raspberry-pi-zero-2-w-con-homebridge.html,150392876.raspberry-pi-zero-2-w-con-homebridge
2024-10-19-059-059.md,059,2024-10-19T08:30:59.190000+02:00,posts/150414870.059.html,150414870.059
2024-10-18-come-chiudere-un-conto-corrente-di.md,Come chiudere un conto corrente di qualsiasi banca attraverso BBVA,2024-10-18T08:30:39.996000+02:00,posts/150292760.come-chiudere-un-conto-corrente-di.html,150292760.come-chiudere-un-conto-corrente-di
2024-10-16-parliamo-di-ipad-mini-7.md,Parliamo di iPad Mini 7,2024-10-16T08:31:04.233000+02:00,posts/150292958.parliamo-di-ipad-mini-7.html,150292958.parliamo-di-ipad-mini-7
2024-10-14-perche-ho-cancellato-lamerican-express.md,Perché ho cancellato l’American Express Platino,2024-10-14T08:31:06.142000+02:00,posts/150198961.perche-ho-cancellato-lamerican-express.html,150198961.perche-ho-cancellato-lamerican-express
2024-10-13-058-058.md,058,2024-10-13T08:02:56.277000+02:00,posts/150148078.058.html,150148078.058
2024-10-09-controllare-il-proprio-stipendio.md,Controllare il proprio stipendio con Stipendee,2024-10-09T08:31:21.837000+02:00,posts/149552567.controllare-il-proprio-stipendio.html,149552567.controllare-il-proprio-stipendio
2024-10-07-non-comprate-i-baby-monitor-e-risparmiate.md,Non comprate i baby monitor e risparmiate soldi,2024-10-07T10:30:59.159000+02:00,posts/149552151.non-comprate-i-baby-monitor-e-risparmiate.html,149552151.non-comprate-i-baby-monitor-e-risparmiate
2024-10-06-057-057.md,057,2024-10-06T09:11:44.121000+02:00,posts/149868123.057.html,149868123.057
2024-10-04-tobin-tax-cose-come-funziona.md,"Tobin Tax: cos'è, come funziona",2024-10-04T08:31:46.968000+02:00,posts/149087101.tobin-tax-cose-come-funziona.html,149087101.tobin-tax-cose-come-funziona
2024-10-02-ho-tagliato-i-miei-costi-fissi-ancora.md,Ho tagliato i miei costi fissi ancora,2024-10-02T08:30:55.828000+02:00,posts/149525146.ho-tagliato-i-miei-costi-fissi-ancora.html,149525146.ho-tagliato-i-miei-costi-fissi-ancora
2024-09-30-vorrei-macos-su-un-11.md,Vorrei macOS su un 11”,2024-09-30T10:01:31.400000+02:00,posts/149491689.vorrei-macos-su-un-11.html,149491689.vorrei-macos-su-un-11
2024-09-28-056-056.md,056,2024-09-28T08:02:38.801000+02:00,posts/149519426.056.html,149519426.056
2024-09-27-buono-fruttifero-postale-minore-conviene.md,Buono fruttifero Postale dedicato ai minori: conviene?,2024-09-27T08:00:40.244000+02:00,posts/149087645.buono-fruttifero-postale-minore-conviene.html,149087645.buono-fruttifero-postale-minore-conviene
2024-09-25-miglior-american-express-italia.md,La miglior American Express,2024-09-25T08:31:21.243000+02:00,posts/149381858.miglior-american-express-italia.html,149381858.miglior-american-express-italia
2024-09-24-come-risparmiare-cambiando-operatore.md,Come risparmiare cambiando operatore telefonico mobile,2024-09-24T08:02:09.079000+02:00,posts/149332873.come-risparmiare-cambiando-operatore.html,149332873.come-risparmiare-cambiando-operatore
2024-09-21-055-055.md,055,2024-09-21T06:57:55.586000+02:00,posts/149192418.055.html,149192418.055
2024-09-20-credem-ti-regala-200-euro-su-amazonit.md,Credem ti regala 200 euro su Amazon.it,2024-09-20T07:34:33.168000+02:00,posts/149136895.credem-ti-regala-200-euro-su-amazonit.html,149136895.credem-ti-regala-200-euro-su-amazonit
2024-09-19-quanti-gb-consumi-in-un-mese-con.md,Quanti GB consumi in un mese con lo smartphone?,2024-09-19T08:01:23.375000+02:00,posts/149086973.quanti-gb-consumi-in-un-mese-con.html,149086973.quanti-gb-consumi-in-un-mese-con
2024-09-16-day-one-best-journal-app.md,Day One è la miglior Journal App,2024-09-16T11:30:41.757000+02:00,posts/148634908.day-one-best-journal-app.html,148634908.day-one-best-journal-app
2024-09-14-054-054.md,054,2024-09-14T08:13:10.357000+02:00,posts/148878327.054.html,148878327.054
2024-09-13-addio-google.md,Addio Google?,2024-09-13T11:30:56.997000+02:00,posts/148437106.addio-google.html,148437106.addio-google
2024-09-12-come-configurare-il-dominio-email-personalizzato-icloud.md,Come configurare il dominio email personalizzato su iCloud+,2024-09-12T10:01:29.435000+02:00,posts/148799815.come-configurare-il-dominio-email-personalizzato-icloud.html,148799815.come-configurare-il-dominio-email-personalizzato-icloud
2024-09-10-apple-watch-series-10-opinioni.md,Apple Watch Series 10: ho fatto bene ad aspettare,2024-09-10T07:12:56.087000+02:00,posts/148713300.apple-watch-series-10-opinioni.html,148713300.apple-watch-series-10-opinioni
2024-09-09-lamore-per-aliexpress.md,L’amore per AliExpress,2024-09-09T11:31:15.743000+02:00,posts/148603756.lamore-per-aliexpress.html,148603756.lamore-per-aliexpress
2024-09-07-053-053.md,053,2024-09-07T08:01:06.117000+02:00,posts/148603445.053.html,148603445.053
2024-09-06-come-iniziare-ad-investire-nel-2024-il-pac.md,Come iniziare ad investire nel 2024: step 5 il PAC,2024-09-06T19:22:40.665000+02:00,posts/148479925.come-iniziare-ad-investire-nel-2024-il-pac.html,148479925.come-iniziare-ad-investire-nel-2024-il-pac
2024-09-04-il-piu-grosso-errore-che-feci-da.md,Il più grosso errore che feci da giornalista,2024-09-04T11:31:09.029000+02:00,posts/148293424.il-piu-grosso-errore-che-feci-da.html,148293424.il-piu-grosso-errore-che-feci-da
2024-09-03-larte-di-correre.md,L'arte di correre,2024-09-03T07:14:53.392000+02:00,posts/148436525.larte-di-correre.html,148436525.larte-di-correre
2024-09-02-come-non-pagare-imposta-bollo-american-express.md,Come non pagare l’imposta di bollo con American Express,2024-09-02T11:30:51.225000+02:00,posts/148340994.come-non-pagare-imposta-bollo-american-express.html,148340994.come-non-pagare-imposta-bollo-american-express
2024-08-31-052-052.md,052,2024-08-31T08:30:55.472000+02:00,posts/148309592.052.html,148309592.052
2024-08-30-come-iniziare-ad-investire-nel-2024-fondo-pensione.md,Come iniziare ad investire nel 2024: step 4,2024-08-30T12:01:10.241000+02:00,posts/148186165.come-iniziare-ad-investire-nel-2024-fondo-pensione.html,148186165.come-iniziare-ad-investire-nel-2024-fondo-pensione
2024-08-28-cancellazione-dalla-rete.md,Il bello di scomparire,2024-08-28T11:31:04.943000+02:00,posts/148212903.cancellazione-dalla-rete.html,148212903.cancellazione-dalla-rete
2024-08-27-edc-2024-apple.md,EDC mid 2024,2024-08-27T15:17:22.255000+02:00,posts/148184541.edc-2024-apple.html,148184541.edc-2024-apple
2024-08-26-icloud-con-il-dominio-email-personalizzato.md,iCloud+ con il dominio email personalizzato è fantastico,2024-08-26T12:02:25.602000+02:00,posts/148133518.icloud-con-il-dominio-email-personalizzato.html,148133518.icloud-con-il-dominio-email-personalizzato
2024-08-24-051-051.md,051,2024-08-24T12:40:03.640000+02:00,posts/148072174.051.html,148072174.051
2024-08-23-iphone-15-pro-max-macbook-air-m1-vs-ipad.md,iPhone 15 Pro Max e MacBook Air M1 battono iPad,2024-08-23T11:31:11.451000+02:00,posts/148032602.iphone-15-pro-max-macbook-air-m1-vs-ipad.html,148032602.iphone-15-pro-max-macbook-air-m1-vs-ipad
2024-08-21-come-iniziare-ad-investire-nel-2024-fondo-emergenza.md,Come iniziare ad investire nel 2024: step 3,2024-08-21T15:42:30.416000+02:00,posts/147963756.come-iniziare-ad-investire-nel-2024-fondo-emergenza.html,147963756.come-iniziare-ad-investire-nel-2024-fondo-emergenza
2024-08-21-soldi-gratis.md,Soldi gratis,2024-08-21T13:27:56.411000+02:00,posts/147959813.soldi-gratis.html,147959813.soldi-gratis
2024-08-19-paternita-vs-maternita.md,Perché la paternità è diversa dalla maternità?,2024-08-19T11:16:03.559000+02:00,posts/147874331.paternita-vs-maternita.html,147874331.paternita-vs-maternita
2024-08-17-050-050.md,050,2024-08-17T12:21:57.456000+02:00,posts/147811450.050.html,147811450.050
2024-08-15-etf-swda-ishares.md,"Non so investire, scelgo l'ETF SWDA",2024-08-15T11:30:22.891000+02:00,posts/147737156.etf-swda-ishares.html,147737156.etf-swda-ishares
2024-08-10-049-049.md,049,2024-08-10T10:04:01.797000+02:00,posts/147548924.049.html,147548924.049
2024-08-07-dichirazione-revolut-730-guida.md,Come dichiarare Revolut nel 730: guida completa,2024-08-07T08:30:36.898000+02:00,posts/147434051.dichirazione-revolut-730-guida.html,147434051.dichirazione-revolut-730-guida
2024-08-04-048-048.md,048,2024-08-04T20:26:51.718000+02:00,posts/147345051.048.html,147345051.048
2024-07-28-047-047.md,047,2024-07-28T13:41:40.197000+02:00,posts/147091179.047.html,147091179.047
2024-07-26-recensione-substack-italia.md,Un anno con Substack,2024-07-26T10:30:54.901000+02:00,posts/147023718.recensione-substack-italia.html,147023718.recensione-substack-italia
2024-07-24-e-se-non-volessi-guadagnare-di-piu.md,E se non volessi guadagnare di più?,2024-07-24T10:39:54.921000+02:00,posts/146947293.e-se-non-volessi-guadagnare-di-piu.html,146947293.e-se-non-volessi-guadagnare-di-piu
2024-07-22-il-potere-segreto-perche-vogliono.md,Il potere segreto. Perché vogliono distruggere Julian Assange e Wikileaks,2024-07-22T11:43:00.210000+02:00,posts/146872702.il-potere-segreto-perche-vogliono.html,146872702.il-potere-segreto-perche-vogliono
2024-07-20-046-046.md,046,2024-07-20T08:52:26.526000+02:00,posts/146811908.046.html,146811908.046
2024-07-13-045-045.md,045,2024-07-13T08:30:45.599000+02:00,posts/146547710.045.html,146547710.045
2024-07-11-come-iniziare-ad-investire-nel-2024-2.md,Come iniziare ad investire nel 2024: step 2,2024-07-11T12:01:37.132000+02:00,posts/146424318.come-iniziare-ad-investire-nel-2024-2.html,146424318.come-iniziare-ad-investire-nel-2024-2
2024-07-10-cmf-phone-1-opinioni.md,CMF Phone 1: prime ore positive,2024-07-10T19:20:05.343000+02:00,posts/146478291.cmf-phone-1-opinioni.html,146478291.cmf-phone-1-opinioni
2024-07-08-cmf-phone-1-by-nothing-acquisto.md,Ho comprato il CMF Phone 1 by Nothing,2024-07-08T14:44:55.902000+02:00,posts/146396038.cmf-phone-1-by-nothing-acquisto.html,146396038.cmf-phone-1-by-nothing-acquisto
2024-07-07-044-044.md,044,2024-07-07T16:05:35.798000+02:00,posts/146365598.044.html,146365598.044
2024-06-30-043-043.md,043,2024-06-30T10:28:41.316000+02:00,posts/146128264.043.html,146128264.043
2024-06-27-come-iniziare-ad-investire-nel-2024.md,Come iniziare ad investire nel 2024: step 1,2024-06-27T12:30:40.898000+02:00,posts/145996511.come-iniziare-ad-investire-nel-2024.html,145996511.come-iniziare-ad-investire-nel-2024
2024-06-24-addio-ipad-2024.md,"Ho abbandonato l’iPad, di nuovo",2024-06-24T12:02:55.156000+02:00,posts/145477395.addio-ipad-2024.html,145477395.addio-ipad-2024
2024-06-22-042-042.md,042,2024-06-22T10:17:11.148000+02:00,posts/145887335.042.html,145887335.042
2024-06-21-comprare-rate-klarna-scalapay.md,Perché comprare i prodotti a rate?,2024-06-21T12:20:27.697000+02:00,posts/145758101.comprare-rate-klarna-scalapay.html,145758101.comprare-rate-klarna-scalapay
2024-06-18-progetto-costi-0.md,Progetto costi 0,2024-06-18T12:31:03.494000+02:00,posts/145748017.progetto-costi-0.html,145748017.progetto-costi-0
2024-06-15-041-041.md,041,2024-06-15T08:30:54.706000+02:00,posts/145652396.041.html,145652396.041
2024-06-10-xiaomi-vacuum-x20-opinioni.md,Robot aspirapolvere: serve davvero in casa?,2024-06-10T14:34:28.682000+02:00,posts/145496400.xiaomi-vacuum-x20-opinioni.html,145496400.xiaomi-vacuum-x20-opinioni
2024-06-09-040-040.md,040,2024-06-09T22:07:46.521000+02:00,posts/145477052.040.html,145477052.040
2024-06-03-recensione-kindle-2022.md,Ho comprato un Kindle 2022,2024-06-03T12:20:10.278000+02:00,posts/145219980.recensione-kindle-2022.html,145219980.recensione-kindle-2022
2024-06-02-039-039.md,039,2024-06-02T08:32:11.551000+02:00,posts/145208106.039.html,145208106.039
2024-05-26-038-038.md,038,2024-05-26T13:21:55.818000+02:00,posts/144991995.038.html,144991995.038
2024-05-20-ring-e-la-sua-assistenza-che-funziona.md,Ring e la sua assistenza che funziona,2024-05-20T12:27:37.175000+02:00,posts/144755706.ring-e-la-sua-assistenza-che-funziona.html,144755706.ring-e-la-sua-assistenza-che-funziona
2024-05-18-037-037.md,037,2024-05-18T10:18:06.708000+02:00,posts/144746431.037.html,144746431.037
2024-05-13-730-precompilato-2024.md,730 precompilato: perché pagare?,2024-05-13T12:31:10.728000+02:00,posts/144575242.730-precompilato-2024.html,144575242.730-precompilato-2024
2024-05-11-036-036.md,036,2024-05-11T08:30:40.711000+02:00,posts/144525696.036.html,144525696.036
2024-05-10-macbook-air-m3-acquisto.md,"Ma io volevo comprare il MacBook Air M3, ed ora?",2024-05-10T12:30:55.309000+02:00,posts/144461273.macbook-air-m3-acquisto.html,144461273.macbook-air-m3-acquisto
2024-05-07-ipad-pro-m4-motivazione.md,iPad Pro 2024 e la mossa commerciale del processore M4,2024-05-07T20:40:35.042000+02:00,posts/144412249.ipad-pro-m4-motivazione.html,144412249.ipad-pro-m4-motivazione
2024-05-06-american-express-platino-presente-amico.md,Massimizza i tuoi risparmi con American Express Platino: scopri il codice amico che ti regala fino a 720 Euro!,2024-05-06T10:01:10.344000+02:00,posts/144323675.american-express-platino-presente-amico.html,144323675.american-express-platino-presente-amico
2024-05-05-035-035.md,035,2024-05-05T08:44:45.011000+02:00,posts/144323769.035.html,144323769.035
2024-05-02-quella-volta-in-cui-ha-vinto-il-meccanico.md,Quella volta in cui ha vinto il meccanico sul reso Amazon,2024-05-02T12:07:52.255000+02:00,posts/144121091.quella-volta-in-cui-ha-vinto-il-meccanico.html,144121091.quella-volta-in-cui-ha-vinto-il-meccanico
2024-05-01-perche-ho-deciso-di-spendere-720.md,Perché ho deciso di spendere 720€ con American Express Platino,2024-05-01T18:30:44.791000+02:00,posts/144099094.perche-ho-deciso-di-spendere-720.html,144099094.perche-ho-deciso-di-spendere-720
2024-04-29-ho-capito-come-usare-lapple-watch.md,Ho capito come usare l’Apple Watch,2024-04-29T11:59:53.606000+02:00,posts/144066786.ho-capito-come-usare-lapple-watch.html,144066786.ho-capito-come-usare-lapple-watch
2024-04-27-034-034.md,034,2024-04-27T08:30:52.484000+02:00,posts/144047139.034.html,144047139.034
2024-04-24-baby-reindeer-e-una-serie-che-finalmente.md,“Baby Reindeer” è una serie che finalmente piace,2024-04-24T12:02:13.673000+02:00,posts/143895863.baby-reindeer-e-una-serie-che-finalmente.html,143895863.baby-reindeer-e-una-serie-che-finalmente
2024-04-22-non-ho-mai-usato-il-tasto-azione.md,Non ho mai usato il tasto azione di iPhone 15 Pro Max,2024-04-22T12:30:56.068000+02:00,posts/143841372.non-ho-mai-usato-il-tasto-azione.html,143841372.non-ho-mai-usato-il-tasto-azione
2024-04-20-033-033.md,033,2024-04-20T09:56:14.356000+02:00,posts/143776016.033.html,143776016.033
2024-04-15-ho-lasciato-coopvoce-per-very-mobile.md,Ho lasciato CoopVoce per Very Mobile,2024-04-15T11:52:31.077000+02:00,posts/143543816.ho-lasciato-coopvoce-per-very-mobile.html,143543816.ho-lasciato-coopvoce-per-very-mobile
2024-04-13-032-032.md,032,2024-04-13T11:45:26.828000+02:00,posts/143543755.032.html,143543755.032
2024-04-10-come-va-con-homekit-dopo-circa-sei.md,Come va con HomeKit dopo circa sei mesi?,2024-04-10T15:01:09.145000+02:00,posts/143447467.come-va-con-homekit-dopo-circa-sei.html,143447467.come-va-con-homekit-dopo-circa-sei
2024-04-08-perche-i-nuovi-ipad-pro-tardano-cosi.md,Perché i nuovi iPad Pro tardano così tanto?,2024-04-08T11:30:18.141000+02:00,posts/143376426.perche-i-nuovi-ipad-pro-tardano-cosi.html,143376426.perche-i-nuovi-ipad-pro-tardano-cosi
2024-04-07-031-031.md,031,2024-04-07T11:49:00.932000+02:00,posts/143353052.031.html,143353052.031
2024-03-31-030-030.md,030,2024-03-31T18:33:01.032000+02:00,posts/143130301.030.html,143130301.030
2024-03-26-tablet-e-se-samsung-avesse-superato.md,Tablet: e se Samsung avesse superato Apple?,2024-03-26T12:02:49.668000+01:00,posts/142965006.tablet-e-se-samsung-avesse-superato.html,142965006.tablet-e-se-samsung-avesse-superato
2024-03-24-amazon-mi-ha-fatto-risparmiare-250.md,Amazon mi ha fatto risparmiare 250€,2024-03-24T19:26:40.501000+01:00,posts/142917523.amazon-mi-ha-fatto-risparmiare-250.html,142917523.amazon-mi-ha-fatto-risparmiare-250
2024-03-23-029-029.md,029,2024-03-23T08:47:29.680000+01:00,posts/142880176.029.html,142880176.029
2024-03-19-padre-ricco-padre-povero-quello-che.md,Padre ricco padre povero. Quello che i ricchi insegnano ai figli sul denaro,2024-03-19T09:44:18.512000+01:00,posts/142750610.padre-ricco-padre-povero-quello-che.html,142750610.padre-ricco-padre-povero-quello-che
2024-03-17-swisscom-fastweb-dovra-ripulire-vodafone.md,Swisscom: Fastweb dovrà ripulire Vodafone,2024-03-17T09:59:01.287000+01:00,posts/142663250.swisscom-fastweb-dovra-ripulire-vodafone.html,142663250.swisscom-fastweb-dovra-ripulire-vodafone
2024-03-16-028-028.md,028,2024-03-16T08:33:15.005000+01:00,posts/142662352.028.html,142662352.028
2024-03-14-la-mia-routine-quotidiana-2024.md,La mia routine quotidiana 2024,2024-03-14T06:57:38.470000+01:00,posts/142603902.la-mia-routine-quotidiana-2024.html,142603902.la-mia-routine-quotidiana-2024
2024-03-09-027-027.md,027,2024-03-09T08:18:50.534000+01:00,posts/142443836.027.html,142443836.027
2024-03-06-sono-io-che-non-sono-adatto-al-mac.md,"Sono io che non sono adatto al Mac, forse",2024-03-06T14:30:49.181000+01:00,posts/142347699.sono-io-che-non-sono-adatto-al-mac.html,142347699.sono-io-che-non-sono-adatto-al-mac
2024-03-04-come-ripagare-i-debiti.md,Come ripagare i debiti,2024-03-04T14:00:52.788000+01:00,posts/141958340.come-ripagare-i-debiti.html,141958340.come-ripagare-i-debiti
2024-03-03-026-026.md,026,2024-03-03T10:43:05.010000+01:00,posts/142260074.026.html,142260074.026
2024-03-01-apple-notes-e-troppo-sottovalutato.md,Apple Notes é troppo sottovalutato,2024-03-01T14:12:30.212000+01:00,posts/142018903.apple-notes-e-troppo-sottovalutato.html,142018903.apple-notes-e-troppo-sottovalutato
2024-02-28-apple-cancella-apple-car-la-sua-auto.md,"Apple cancella Apple Car, la sua auto elettrica",2024-02-28T07:30:33.834000+01:00,posts/142122293.apple-cancella-apple-car-la-sua-auto.html,142122293.apple-cancella-apple-car-la-sua-auto
2024-02-26-stage-manager-su-ipados-17-la-mia.md,Stage Manager su iPadOS 17: la mia opinione,2024-02-26T12:08:25.391000+01:00,posts/141927135.stage-manager-su-ipados-17-la-mia.html,141927135.stage-manager-su-ipados-17-la-mia
2024-02-24-025-025.md,025,2024-02-24T09:00:42.811000+01:00,posts/141968223.025.html,141968223.025
2024-02-22-un-anno-con-un-barboncino-nano-a.md,Un anno con un barboncino nano a Torino,2024-02-22T14:02:23.445000+01:00,posts/141916399.un-anno-con-un-barboncino-nano-a.html,141916399.un-anno-con-un-barboncino-nano-a
2024-02-21-il-problema-dellapple-watch-41mm.md,Il problema dell’Apple Watch 41mm,2024-02-21T14:01:59.136000+01:00,posts/141813141.il-problema-dellapple-watch-41mm.html,141813141.il-problema-dellapple-watch-41mm
2024-02-20-il-miglior-video-completo-su-apple.md,Il miglior video (completo) su Apple Vision Pro,2024-02-20T08:30:29.925000+01:00,posts/141851721.il-miglior-video-completo-su-apple.html,141851721.il-miglior-video-completo-su-apple
2024-02-19-notion-vs-apple-notes.md,Notion vs Apple Notes,2024-02-19T14:00:28.436000+01:00,posts/141798271.notion-vs-apple-notes.html,141798271.notion-vs-apple-notes
2024-02-17-024-024.md,024,2024-02-17T09:01:12.216000+01:00,posts/141752243.024.html,141752243.024
2024-02-10-023-023.md,023,2024-02-10T15:02:31.366000+01:00,posts/141550337.023.html,141550337.023
2024-02-07-youtube-premium-recensione.md,YouTube Premium è l’unica “TV” che voglio pagare,2024-02-07T14:35:08.454000+01:00,posts/141389229.youtube-premium-recensione.html,141389229.youtube-premium-recensione
2024-02-05-ita-come-prenotare-volo-cane.md,ITA: come prenotare un volo con un cane,2024-02-05T14:28:06.192000+01:00,posts/141389122.ita-come-prenotare-volo-cane.html,141389122.ita-come-prenotare-volo-cane
2024-02-04-apple-vision-pro-tutto-questo-non.md,"Apple Vision Pro, tutto questo non mi piace",2024-02-04T09:30:32.993000+01:00,posts/141357184.apple-vision-pro-tutto-questo-non.html,141357184.apple-vision-pro-tutto-questo-non
2024-02-03-022-022.md,022,2024-02-03T16:09:18.097000+01:00,posts/141338649.022.html,141338649.022
2024-01-27-021-021.md,021,2024-01-27T09:00:52.433000+01:00,posts/141090371.021.html,141090371.021
2024-01-24-ho-cancellato-instagram-dallo-smartphone.md,Ho cancellato Instagram dallo smartphone,2024-01-24T14:30:16.928000+01:00,posts/140861643.ho-cancellato-instagram-dallo-smartphone.html,140861643.ho-cancellato-instagram-dallo-smartphone
2024-01-22-sono-stato-vittima-influencer-ruzza-watch.md,Sono stato “vittima” dell’influencer marketing,2024-01-22T14:30:51.798000+01:00,posts/140861402.sono-stato-vittima-influencer-ruzza-watch.html,140861402.sono-stato-vittima-influencer-ruzza-watch
2024-01-20-020-020.md,020,2024-01-20T10:30:14.086000+01:00,posts/140861281.020.html,140861281.020
2024-01-10-quanto-ho-speso-nel-2023.md,Quanto ho speso nel 2023,2024-01-10T14:57:19.760000+01:00,posts/140547565.quanto-ho-speso-nel-2023.html,140547565.quanto-ho-speso-nel-2023
2024-01-07-019-019.md,019,2024-01-07T10:15:29.448000+01:00,posts/140439997.019.html,140439997.019
2023-12-31-018-018.md,018,2023-12-31T08:57:21.403000+01:00,posts/140201444.018.html,140201444.018
2023-12-24-017-017.md,017,2023-12-24T15:37:03.256000+01:00,posts/140060550.017.html,140060550.017
2023-12-16-016-016.md,016,2023-12-16T08:15:20.717000+01:00,posts/139832626.016.html,139832626.016
2023-12-13-apple-e-goldman-sachs-siamo-gia-alla.md,Apple e Goldman Sachs: siamo già alla fine?,2023-12-13T11:00:47.313000+01:00,posts/139744354.apple-e-goldman-sachs-siamo-gia-alla.html,139744354.apple-e-goldman-sachs-siamo-gia-alla
2023-12-12-015-015.md,015,2023-12-12T07:45:44.767000+01:00,posts/139714731.015.html,139714731.015
2023-12-04-014-014.md,014,2023-12-04T07:34:42.727000+01:00,posts/139419056.014.html,139419056.014
2023-11-26-013-013.md,013,2023-11-26T08:20:26.234000+01:00,posts/139152551.013.html,139152551.013
2023-11-19-012-012.md,012,2023-11-19T21:53:25.987000+01:00,posts/138999871.012.html,138999871.012
2023-11-12-011-011.md,011,2023-11-12T20:28:41.508000+01:00,posts/138811622.011.html,138811622.011
2023-11-08-volotea-come-prenotare-un-volo-con.md,Volotea: come prenotare un volo con il cane,2023-11-08T12:30:12.525000+01:00,posts/138658775.volotea-come-prenotare-un-volo-con.html,138658775.volotea-come-prenotare-un-volo-con
2023-11-06-revolut-conto-cointestato-10-minuti.md,Revolut conto cointestato: 10 minuti e via,2023-11-06T18:30:17.885000+01:00,posts/138630590.revolut-conto-cointestato-10-minuti.html,138630590.revolut-conto-cointestato-10-minuti
2023-11-05-010-010.md,010,2023-11-05T07:58:48.395000+01:00,posts/138600089.010.html,138600089.010
2023-10-29-009-009.md,009,2023-10-29T10:13:32.349000+01:00,posts/138378353.009.html,138378353.009
2023-10-24-sono-passato-ad-homekit-come-riferimento.md,Sono passato ad HomeKit come riferimento per la domotica,2023-10-24T12:30:15.690000+02:00,posts/138240673.sono-passato-ad-homekit-come-riferimento.html,138240673.sono-passato-ad-homekit-come-riferimento
2023-10-21-008-008.md,008,2023-10-21T08:00:29.321000+02:00,posts/138160199.008.html,138160199.008
2023-10-16-il-mio-setup-finanziario.md,Il mio setup finanziario,2023-10-16T12:31:07.955000+02:00,posts/137947320.il-mio-setup-finanziario.html,137947320.il-mio-setup-finanziario
2023-10-14-007-007.md,007,2023-10-14T09:00:40.766000+02:00,posts/137932237.007.html,137932237.007
2023-10-08-006-006.md,006,2023-10-08T09:00:13.225000+02:00,posts/137754533.006.html,137754533.006
2023-09-30-005-005.md,005,2023-09-30T09:41:25.763000+02:00,posts/137536204.005.html,137536204.005
2023-09-25-iphone-15-pro-max-prime-impressioni.md,iPhone 15 Pro Max: prime impressioni,2023-09-25T08:08:33.901000+02:00,posts/137372582.iphone-15-pro-max-prime-impressioni.html,137372582.iphone-15-pro-max-prime-impressioni
2023-09-23-004-004.md,004,2023-09-23T11:22:25.104000+02:00,posts/137318574.004.html,137318574.004
2023-09-18-comprare-casa-conviene.md,Comprare casa conviene?,2023-09-18T17:45:30.560000+02:00,posts/137152386.comprare-casa-conviene.html,137152386.comprare-casa-conviene
2023-09-16-003-003.md,003,2023-09-16T09:00:11.702000+02:00,posts/137063604.003.html,137063604.003
2023-09-15-iphone-15-e-il-vero-grosso-upgrade.md,iPhone 15 è il vero grosso upgrade,2023-09-15T20:12:21.310000+02:00,posts/137076523.iphone-15-e-il-vero-grosso-upgrade.html,137076523.iphone-15-e-il-vero-grosso-upgrade
2023-09-13-perche-tenere-traccia-delle-proprie.md,Perchè tenere traccia delle proprie spese,2023-09-13T12:30:19.003000+02:00,posts/136966285.perche-tenere-traccia-delle-proprie.html,136966285.perche-tenere-traccia-delle-proprie
2023-09-12-e-arrivata-la-fine-per-airbnb-con.md,É arrivata la fine per Airbnb con la Local law 18?,2023-09-12T11:00:31.396000+02:00,posts/136966879.e-arrivata-la-fine-per-airbnb-con.html,136966879.e-arrivata-la-fine-per-airbnb-con
2023-09-09-002-002.md,002,2023-09-09T09:01:02.742000+02:00,posts/136869286.002.html,136869286.002
2023-09-08-nh-escape-500-rolltop-32l.md,Il mio nuovo zaino tech: NH Escape 500 Rolltop 32L,2023-09-08T11:18:48.087000+02:00,posts/136843779.nh-escape-500-rolltop-32l.html,136843779.nh-escape-500-rolltop-32l
2023-09-05-001-001.md,001,2023-09-05T08:00:16.782000+02:00,posts/136733734.001.html,136733734.001
2023-09-05-quanto-costa-torino-palermo-in-auto.md,Quanto costa Torino Palermo in auto,2023-09-05T06:15:25.652000+02:00,posts/136742319.quanto-costa-torino-palermo-in-auto.html,136742319.quanto-costa-torino-palermo-in-auto
2023-07-04-fotografare-il-lago-dorta-con-google.md,Fotografare il Lago d’Orta con Google Pixel 7a,2023-07-04T12:27:00+02:00,posts/136587713.fotografare-il-lago-dorta-con-google.html,136587713.fotografare-il-lago-dorta-con-google
2023-06-23-recensione-google-pixel-7a-le-due.md,Recensione Google Pixel 7a: le due facce,2023-06-23T12:31:00+02:00,posts/136587811.recensione-google-pixel-7a-le-due.html,136587811.recensione-google-pixel-7a-le-due
2023-05-13-48-ore-con-il-google-pixel-7a.md,48 ore con il Google Pixel 7a,2023-05-13T12:56:00+02:00,posts/136663201.48-ore-con-il-google-pixel-7a.html,136663201.48-ore-con-il-google-pixel-7a
2023-04-11-fotografare-le-cinque-terre-con-google.md,Fotografare le Cinque Terre con Google Pixel 6a,2023-04-11T12:59:00+02:00,posts/136663242.fotografare-le-cinque-terre-con-google.html,136663242.fotografare-le-cinque-terre-con-google
2023-04-03-redmi-pad-finalmente-un-bel-tablet.md,Redmi Pad: finalmente un bel tablet Android,2023-04-03T13:04:00+02:00,posts/136663306.redmi-pad-finalmente-un-bel-tablet.html,136663306.redmi-pad-finalmente-un-bel-tablet
2023-03-31-la-mia-esperienza-con-pulsee.md,La mia esperienza con Pulsee,2023-03-31T17:26:00+02:00,posts/136667943.la-mia-esperienza-con-pulsee.html,136667943.la-mia-esperienza-con-pulsee
2023-01-05-cosa-vedere-a-barcellona-in-4-giorni.md,Cosa vedere a Barcellona in 4 giorni,2023-01-05T17:24:00+01:00,posts/135378226.cosa-vedere-a-barcellona-in-4-giorni.html,135378226.cosa-vedere-a-barcellona-in-4-giorni
2023-01-04-non-fate-la-esim-con-very-mobile.md,Non fate la eSIM con Very Mobile,2023-01-04T17:08:00+01:00,posts/135377957.non-fate-la-esim-con-very-mobile.html,135377957.non-fate-la-esim-con-very-mobile
2022-10-30-nothing-phone-1-qualcosa-di-diverso.md,Nothing Phone 1: qualcosa di diverso?,2022-10-30T17:50:00+01:00,posts/136668420.nothing-phone-1-qualcosa-di-diverso.html,136668420.nothing-phone-1-qualcosa-di-diverso
2022-09-15-the-mamba-mentality-il-mio-basket.md,The Mamba mentality. Il mio basket,2022-09-15T12:03:00+02:00,posts/137064402.the-mamba-mentality-il-mio-basket.html,137064402.the-mamba-mentality-il-mio-basket
2021-12-07-postepay-apple-pay.md,Come associare la carta PostePay o BancoPosta ad Apple Pay su iPhone,2021-12-07T23:19:00+01:00,posts/136734393.postepay-apple-pay.html,136734393.postepay-apple-pay
2021-10-16-come-configurare-la-pec-aruba-su.md,Come configurare la PEC Aruba su Mail per iOS e iPadOS,2021-10-16T18:23:00+02:00,posts/136669064.come-configurare-la-pec-aruba-su.html,136669064.come-configurare-la-pec-aruba-su
2021-09-15-la-pratica-comprendere-la-meditazione.md,"La pratica: Comprendere la meditazione, superare le difficoltà, e stabilire un'abitudine salutare",2021-09-15T12:02:00+02:00,posts/137064386.la-pratica-comprendere-la-meditazione.html,137064386.la-pratica-comprendere-la-meditazione
2021-08-15-sergio-marchionne.md,Sergio Marchionne,2021-08-15T12:01:00+02:00,posts/137064370.sergio-marchionne.html,137064370.sergio-marchionne
2021-07-15-minimalismi-meno-cianfrusaglie-piu.md,"Minimalismi: Meno cianfrusaglie, più divertimento",2021-07-15T12:00:00+02:00,posts/137064350.minimalismi-meno-cianfrusaglie-piu.html,137064350.minimalismi-meno-cianfrusaglie-piu
2021-06-15-errore-di-sistema.md,Errore di sistema,2021-06-15T11:58:00+02:00,posts/137064317.errore-di-sistema.html,137064317.errore-di-sistema
2020-10-12-perche-ha-senso-un-iphone-dual-sim.md,Perché ha senso un iPhone Dual SIM,2020-10-12T08:15:00+02:00,posts/136510668.perche-ha-senso-un-iphone-dual-sim.html,136510668.perche-ha-senso-un-iphone-dual-sim
2020-02-15-gestione-del-tempo-strategie-ed-abitudini.md,"Gestione del tempo: Strategie ed abitudini per aumentare la produttività, raggiungere gli obiettivi e ritrovare la motivazione nel 21° secolo",2020-02-15T11:55:00+01:00,posts/137064262.gestione-del-tempo-strategie-ed-abitudini.html,137064262.gestione-del-tempo-strategie-ed-abitudini
2020-01-15-il-punto-vincente-la-mia-strategia.md,Il punto vincente: La mia strategia per l'eccellenza fisica e mentale,2020-01-15T11:54:00+01:00,posts/137064224.il-punto-vincente-la-mia-strategia.html,137064224.il-punto-vincente-la-mia-strategia
2019-09-19-larte-del-fare-come-sconfiggere-la.md,L'arte del fare: Come sconfiggere la procrastinazione,2019-09-19T11:52:00+02:00,posts/137064184.larte-del-fare-come-sconfiggere-la.html,137064184.larte-del-fare-come-sconfiggere-la
2019-09-15-tim-cook-il-genio-che-ha-cambiato.md,Tim Cook. Il genio che ha cambiato il futuro di Apple,2019-09-15T11:50:00+02:00,posts/137064147.tim-cook-il-genio-che-ha-cambiato.html,137064147.tim-cook-il-genio-che-ha-cambiato
